Accuracy,Precision,Recall,F1-score,Confusion Matrix,ROC-AUC
0.9841710897935333,0.9693136427732774,1.0,0.9844177399880759,"[[159087   5201]
 [     0 164288]]",0.9901533700835551
